{"products":[{"id":"0.16279363694029092","qty":1}],"totalPrice":549.9899999999999}